
-- Crear la base de datos
CREATE DATABASE HotelDeLujo;
USE HotelDeLujo;

-- Crear tablas
CREATE TABLE Clientes (
    cliente_id INT AUTO_INCREMENT PRIMARY KEY,
    nombre VARCHAR(100),
    email VARCHAR(100) UNIQUE,
    fecha_registro DATE
);

CREATE TABLE Habitaciones (
    habitacion_id INT AUTO_INCREMENT PRIMARY KEY,
    tipo VARCHAR(50),
    precio_por_noche DECIMAL(10, 2),
    capacidad INT
);

CREATE TABLE Reservas (
    reserva_id INT AUTO_INCREMENT PRIMARY KEY,
    cliente_id INT,
    habitacion_id INT,
    fecha_inicio DATE,
    fecha_fin DATE,
    total DECIMAL(10, 2),
    FOREIGN KEY (cliente_id) REFERENCES Clientes(cliente_id),
    FOREIGN KEY (habitacion_id) REFERENCES Habitaciones(habitacion_id)
);

CREATE TABLE Servicios (
    servicio_id INT AUTO_INCREMENT PRIMARY KEY,
    nombre_servicio VARCHAR(100),
    precio DECIMAL(10, 2)
);

CREATE TABLE Servicios_Reservas (
    reserva_id INT,
    servicio_id INT,
    PRIMARY KEY (reserva_id, servicio_id),
    FOREIGN KEY (reserva_id) REFERENCES Reservas(reserva_id),
    FOREIGN KEY (servicio_id) REFERENCES Servicios(servicio_id)
);

-- Insertar datos en las tablas
INSERT INTO Clientes (cliente_id, nombre, email, fecha_registro) VALUES
(1, 'Emily Acosta', 'amybates@villarreal.net', '2021-10-31'),
(2, 'Stephanie Martin', 'markhurst@gmail.com', '2021-01-18'),
(3, 'Samuel Carter', 'whitekristin@gmail.com', '2024-04-21'),
(4, 'Ashley Ramsey', 'colliermichelle@hotmail.com', '2024-05-05'),
(5, 'Janice Francis', 'dcampbell@gomez-meyer.com', '2024-03-31'),
(6, 'Amy Lopez', 'omartinez@miles-moreno.net', '2022-10-07'),
(7, 'Kimberly Gillespie', 'denise17@yahoo.com', '2023-12-29'),
(8, 'Abigail Brown', 'rachelwilliams@hotmail.com', '2021-08-24'),
(9, 'Edward Henson', 'josephkelly@ramirez.info', '2020-10-16'),
(10, 'Michael Allen', 'dawn22@gmail.com', '2024-10-13'),
(11, 'Timothy Crawford', 'dustin83@medina-delgado.com', '2024-12-21'),
(12, 'William Richardson', 'balldawn@nelson-avila.com', '2020-05-10'),
(13, 'Jennifer Krause', 'graykayla@jackson.com', '2020-11-17'),
(14, 'Erika Blackwell', 'idiaz@estes.info', '2021-09-13'),
(15, 'Andre Woods', 'david84@gomez.com', '2022-05-01'),
(16, 'Daniel Livingston', 'robin68@pierce.com', '2020-10-09'),
(17, 'Julie Miller', 'suttonadam@hotmail.com', '2020-10-27'),
(18, 'John Davis', 'oscar60@williams-bartlett.biz', '2022-06-12'),
(19, 'Carl Pierce', 'tylergarza@hotmail.com', '2024-12-25'),
(20, 'Ricardo Stewart', 'campbellhannah@powell.com', '2022-08-02'),
(21, 'Anthony Jensen', 'ronald86@gmail.com', '2022-09-17'),
(22, 'Jeffrey Dorsey', 'jeffreyyoung@hotmail.com', '2023-05-08'),
(23, 'Mr. Benjamin Erickson MD', 'sancheztonya@hotmail.com', '2021-09-11'),
(24, 'Henry French', 'mgoodman@gmail.com', '2022-07-14'),
(25, 'Antonio Robles', 'hernandeznathan@hotmail.com', '2023-06-01'),
(26, 'Jason Sharp', 'gonzalezkathryn@hotmail.com', '2024-04-22'),
(27, 'Jenny Johnson', 'dchavez@gmail.com', '2021-08-24'),
(28, 'Michael Perry', 'arivers@yahoo.com', '2021-05-26'),
(29, 'Robin Nelson', 'millerkelli@yahoo.com', '2021-08-21'),
(30, 'Beth Nichols', 'emma71@yahoo.com', '2020-07-08'),
(31, 'Mark Moore', 'breed@pierce-mercado.com', '2023-10-06'),
(32, 'Patricia Bryan DVM', 'kathleen99@thomas.com', '2023-01-31'),
(33, 'Katie Williams', 'kenneth48@mann.com', '2020-01-14'),
(34, 'Pamela Lopez', 'thansen@cline.com', '2024-07-16'),
(35, 'Julie Brown', 'hunterjessica@hogan.com', '2024-08-31'),
(36, 'William Taylor', 'nwalter@gmail.com', '2022-09-27'),
(37, 'Pamela Nelson', 'amandablair@hotmail.com', '2021-03-17'),
(38, 'Danielle Dickson', 'zacharyhopkins@bullock.com', '2020-11-24'),
(39, 'Rebecca Tran', 'tgray@hotmail.com', '2024-07-28'),
(40, 'Nathan White', 'sheppardryan@hotmail.com', '2021-03-21'),
(41, 'Michael Hall', 'wmorse@hotmail.com', '2023-07-28'),
(42, 'Luis Hart', 'wilsonamanda@marshall.com', '2022-02-03'),
(43, 'Linda Taylor', 'georgevelasquez@bean-greene.org', '2021-08-17'),
(44, 'Adam Perry', 'daviskim@collins.com', '2020-12-08'),
(45, 'Karen Solis', 'aguilarcarrie@hotmail.com', '2021-07-08'),
(46, 'David Macdonald', 'knoxryan@melendez.com', '2020-02-02'),
(47, 'Samantha Smith', 'deborahweeks@hotmail.com', '2021-06-28'),
(48, 'Christopher Howell', 'heather17@hotmail.com', '2021-03-29'),
(49, 'Jennifer Villarreal', 'smithrobert@gmail.com', '2020-04-26'),
(50, 'Matthew Fuentes', 'juarezdavid@hotmail.com', '2024-04-21'),
(51, 'Benjamin Miller', 'atkinstimothy@gmail.com', '2024-12-27'),
(52, 'Sonya Wilson', 'hross@yahoo.com', '2024-09-19'),
(53, 'Michael Lee', 'ptaylor@acosta-ortiz.com', '2022-02-02'),
(54, 'Michael Dyer', 'david77@white-carrillo.com', '2021-05-19'),
(55, 'Kayla Mcconnell', 'waltontara@hotmail.com', '2020-06-27'),
(56, 'Jake Lindsey', 'miguel83@rice.com', '2021-06-13'),
(57, 'Matthew Tucker', 'cameron57@gmail.com', '2020-09-24'),
(58, 'Eric Klein', 'jmcdonald@morrison.com', '2024-05-03'),
(59, 'Alexandra Ramirez', 'juan91@yahoo.com', '2024-10-07'),
(60, 'Andre Robinson', 'xolsen@nguyen.com', '2022-01-03'),
(61, 'Carla Haynes', 'guerreromatthew@martinez.biz', '2024-02-03'),
(62, 'Austin Howard', 'mark18@fisher.org', '2020-05-22'),
(63, 'Dawn Rosales MD', 'gallegosrichard@owens-carrillo.com', '2021-02-02'),
(64, 'Lisa Price', 'edward88@yahoo.com', '2021-05-11'),
(65, 'Laura Thomas', 'ijarvis@cooper.com', '2023-10-10'),
(66, 'Ernest Nguyen', 'barnesjennifer@anderson.com', '2020-11-16'),
(67, 'Amanda Hanson', 'sblake@gmail.com', '2024-02-06'),
(68, 'Kevin Jackson', 'robinsonanthony@hughes-duke.info', '2022-12-24'),
(69, 'Victoria Franco', 'lisajohnson@hotmail.com', '2020-07-27'),
(70, 'William Daniels', 'jacob13@hotmail.com', '2022-08-01'),
(71, 'Stephanie Anderson', 'ybrown@hotmail.com', '2024-11-07'),
(72, 'Tony Humphrey', 'wilcoxdavid@gmail.com', '2021-07-17'),
(73, 'Mary Hoffman PhD', 'pattersonanthony@yahoo.com', '2021-02-16'),
(74, 'Stephanie Chavez', 'penamark@hotmail.com', '2022-02-01'),
(75, 'Tiffany Reyes', 'martinlinda@cooper-phillips.com', '2021-04-24'),
(76, 'Jack Hoffman', 'grahamdiana@jones-harvey.com', '2022-01-15'),
(77, 'Jared Tran', 'campossheri@cooper-jones.net', '2023-11-08'),
(78, 'William Palmer', 'brendakemp@lee.info', '2021-05-26'),
(79, 'Lori Smith', 'grayholly@coleman-johnston.net', '2021-06-02'),
(80, 'Duane Rodriguez', 'jasonfoster@hotmail.com', '2021-04-04'),
(81, 'Mr. Joshua Rice', 'angelicabenton@yahoo.com', '2020-05-06'),
(82, 'Nancy Smith', 'erica83@yahoo.com', '2021-09-24'),
(83, 'Kelly Ramsey', 'cphillips@gmail.com', '2020-05-12'),
(84, 'Heidi Ellis', 'sanchezmatthew@esparza-powell.com', '2022-12-17'),
(85, 'Vanessa Villarreal', 'ilewis@yahoo.com', '2023-09-12'),
(86, 'Jacob Wilson', 'samanthahunter@yahoo.com', '2024-04-19'),
(87, 'Ryan Maldonado', 'patrickjohnson@gmail.com', '2023-10-01'),
(88, 'Mrs. Julie Smith', 'rebecca49@martinez.com', '2021-08-06'),
(89, 'Richard Flynn', 'amanda33@henderson.org', '2022-06-20'),
(90, 'Cynthia Riggs', 'nelsonmargaret@hotmail.com', '2024-07-17'),
(91, 'Scott Jensen', 'gene14@hotmail.com', '2022-12-20'),
(92, 'Danny Jenkins', 'laurasmith@hotmail.com', '2023-01-19'),
(93, 'Denise Morgan', 'melinda75@gmail.com', '2024-03-05'),
(94, 'Dawn Rodriguez', 'leerobert@woodard.com', '2023-07-04'),
(95, 'Roger Bailey', 'michelle76@morgan.com', '2023-01-08'),
(96, 'William Burke', 'matthew78@hotmail.com', '2020-08-14'),
(97, 'Aimee Curtis', 'rebecca68@zavala-vasquez.com', '2021-10-15'),
(98, 'Jason Holland', 'ryan26@gmail.com', '2024-09-08'),
(99, 'Jason Brown', 'andrewpatel@hotmail.com', '2020-04-20'),
(100, 'Olivia Fields', 'bryantmarissa@gmail.com', '2021-12-03');

INSERT INTO Habitaciones (habitacion_id, tipo, precio_por_noche, capacidad) VALUES
(1, 'Estándar', 340.02, 5),
(2, 'Estándar', 320.45, 1),
(3, 'Suite', 191.71, 1),
(4, 'Suite', 171.93, 4),
(5, 'Deluxe', 104.67, 5),
(6, 'Estándar', 273.59, 2),
(7, 'Deluxe', 51.4, 4),
(8, 'Suite', 107.55, 4),
(9, 'Suite', 174.1, 1),
(10, 'Estándar', 285.07, 4),
(11, 'Estándar', 78.42, 2),
(12, 'Deluxe', 102.07, 5),
(13, 'Suite', 334.46, 4),
(14, 'Estándar', 300.62, 5),
(15, 'Estándar', 477.97, 2),
(16, 'Estándar', 290.57, 3),
(17, 'Estándar', 480.98, 3),
(18, 'Deluxe', 456.78, 4),
(19, 'Estándar', 111.96, 5),
(20, 'Deluxe', 213.38, 4),
(21, 'Suite', 358.52, 1),
(22, 'Estándar', 107.51, 5),
(23, 'Deluxe', 168.24, 3),
(24, 'Deluxe', 454.23, 2),
(25, 'Deluxe', 400.92, 1),
(26, 'Deluxe', 368.64, 2),
(27, 'Estándar', 50.58, 2),
(28, 'Deluxe', 83.67, 3),
(29, 'Deluxe', 463.25, 3),
(30, 'Estándar', 412.03, 2),
(31, 'Estándar', 376.89, 1),
(32, 'Estándar', 442.07, 3),
(33, 'Estándar', 221.6, 4),
(34, 'Estándar', 246.64, 5),
(35, 'Deluxe', 373.57, 4),
(36, 'Suite', 187.83, 4),
(37, 'Suite', 146.31, 5),
(38, 'Deluxe', 98.95, 1),
(39, 'Deluxe', 113.77, 5),
(40, 'Deluxe', 317.44, 4),
(41, 'Deluxe', 498.98, 1),
(42, 'Estándar', 275.21, 5),
(43, 'Estándar', 355.21, 4),
(44, 'Suite', 133.77, 4),
(45, 'Deluxe', 108.94, 5),
(46, 'Deluxe', 71.72, 4),
(47, 'Estándar', 356.05, 4),
(48, 'Suite', 461.08, 1),
(49, 'Estándar', 444.51, 4),
(50, 'Estándar', 148.46, 4);

INSERT INTO Servicios (servicio_id, nombre_servicio, precio) VALUES
(1, 'Desayuno', 34.21),
(2, 'Spa', 22.86),
(3, 'Parking', 12.32),
(4, 'WiFi', 22.57),
(5, 'Lavandería', 90.03),
(6, 'Piscina', 34.86),
(7, 'Gimnasio', 40.37),
(8, 'Servicio a la habitación', 17.04),
(9, 'Masaje', 62.97),
(10, 'Bar', 47.97);

INSERT INTO Reservas (reserva_id, cliente_id, habitacion_id, fecha_inicio, fecha_fin, total) VALUES
(1, 38, 26, '2023-09-09', '2023-09-18', 2282.78),
(2, 64, 39, '2024-12-13', '2024-12-21', 2373.08),
(3, 18, 8, '2024-10-30', '2024-11-05', 1824.44),
(4, 89, 7, '2024-02-10', '2024-02-12', 634.33),
(5, 40, 23, '2023-11-15', '2023-11-20', 1906.07),
(6, 35, 33, '2023-10-29', '2023-11-01', 900.04),
(7, 38, 22, '2023-02-08', '2023-02-14', 1886.67),
(8, 84, 24, '2024-04-06', '2024-04-08', 533.62),
(9, 38, 28, '2024-06-12', '2024-06-22', 3074.04),
(10, 20, 38, '2024-10-30', '2024-11-01', 914.34),
(11, 76, 13, '2024-08-31', '2024-09-06', 1810.48),
(12, 88, 9, '2023-08-25', '2023-08-31', 1753.09),
(13, 4, 22, '2023-11-22', '2023-11-27', 2005.25),
(14, 2, 50, '2024-04-23', '2024-05-03', 2607.8),
(15, 98, 33, '2024-11-18', '2024-11-27', 625.1),
(16, 68, 19, '2024-09-18', '2024-09-21', 1053.47),
(17, 9, 39, '2023-08-17', '2023-08-20', 835.21),
(18, 17, 27, '2023-08-16', '2023-08-24', 3446.42),
(19, 60, 6, '2024-06-09', '2024-06-16', 1517.87),
(20, 99, 12, '2023-04-20', '2023-04-27', 2303.44),
(21, 54, 24, '2024-09-07', '2024-09-10', 215.27),
(22, 14, 4, '2024-07-17', '2024-07-22', 2432.56),
(23, 20, 25, '2023-01-13', '2023-01-20', 2304.7),
(24, 85, 43, '2023-10-23', '2023-10-25', 988.26),
(25, 30, 17, '2023-06-05', '2023-06-10', 1597.66),
(26, 70, 8, '2024-12-27', '2024-12-30', 385.32),
(27, 22, 48, '2024-06-16', '2024-06-21', 1634.0),
(28, 64, 42, '2023-08-18', '2023-08-19', 239.43),
(29, 57, 48, '2023-03-08', '2023-03-09', 99.83),
(30, 22, 31, '2023-12-06', '2023-12-14', 3599.9),
(31, 86, 28, '2023-07-12', '2023-07-14', 153.7),
(32, 96, 15, '2024-04-15', '2024-04-20', 1088.94),
(33, 81, 6, '2023-12-21', '2023-12-23', 149.9),
(34, 71, 10, '2023-01-15', '2023-01-25', 2286.53),
(35, 79, 23, '2024-06-16', '2024-06-22', 2178.66),
(36, 30, 40, '2024-11-07', '2024-11-09', 431.94),
(37, 75, 24, '2024-12-11', '2024-12-18', 1483.03),
(38, 18, 48, '2024-12-14', '2024-12-24', 2215.37),
(39, 43, 36, '2024-12-27', '2024-12-29', 424.68),
(40, 30, 15, '2023-06-09', '2023-06-16', 796.35),
(41, 3, 43, '2024-03-27', '2024-03-28', 141.02),
(42, 31, 12, '2024-04-09', '2024-04-13', 499.36),
(43, 24, 1, '2024-03-29', '2024-03-31', 716.59),
(44, 62, 48, '2023-12-23', '2023-12-24', 447.33),
(45, 95, 44, '2023-11-10', '2023-11-13', 1196.0),
(46, 52, 10, '2023-09-02', '2023-09-04', 822.2),
(47, 22, 4, '2023-01-13', '2023-01-21', 1066.58),
(48, 27, 36, '2024-02-07', '2024-02-15', 1018.27),
(49, 46, 17, '2024-08-18', '2024-08-28', 3639.24),
(50, 87, 34, '2024-06-30', '2024-07-03', 1070.46),
(51, 63, 2, '2024-10-27', '2024-10-28', 317.49),
(52, 14, 19, '2024-08-27', '2024-08-30', 833.02),
(53, 27, 7, '2023-03-17', '2023-03-19', 780.93),
(54, 76, 13, '2024-10-18', '2024-10-24', 1871.0),
(55, 4, 38, '2024-04-19', '2024-04-23', 1173.56),
(56, 85, 41, '2024-09-21', '2024-09-25', 1356.22),
(57, 90, 47, '2024-03-29', '2024-04-01', 617.77),
(58, 86, 40, '2024-10-20', '2024-10-26', 1816.28),
(59, 80, 29, '2024-12-08', '2024-12-10', 938.37),
(60, 59, 47, '2024-02-08', '2024-02-14', 2745.64),
(61, 1, 31, '2023-03-29', '2023-04-04', 682.82),
(62, 42, 46, '2024-12-15', '2024-12-16', 148.25),
(63, 81, 23, '2024-08-09', '2024-08-16', 3083.38),
(64, 76, 50, '2023-01-13', '2023-01-22', 2728.39),
(65, 39, 7, '2024-12-24', '2024-12-25', 100.55),
(66, 88, 20, '2023-04-19', '2023-04-24', 772.04),
(67, 77, 33, '2024-12-20', '2024-12-30', 3531.56),
(68, 67, 4, '2023-11-02', '2023-11-07', 1672.85),
(69, 76, 34, '2024-11-21', '2024-11-27', 771.84),
(70, 36, 19, '2024-02-13', '2024-02-21', 2920.01),
(71, 26, 24, '2024-09-22', '2024-09-27', 303.74),
(72, 72, 8, '2023-08-11', '2023-08-18', 1161.59),
(73, 34, 3, '2023-08-17', '2023-08-20', 1244.19),
(74, 79, 9, '2023-09-01', '2023-09-07', 2861.01),
(75, 12, 1, '2023-09-15', '2023-09-16', 303.82),
(76, 48, 27, '2023-11-12', '2023-11-18', 2998.29),
(77, 35, 18, '2024-06-05', '2024-06-06', 169.94),
(78, 99, 36, '2023-05-21', '2023-05-29', 1061.29),
(79, 8, 13, '2023-05-07', '2023-05-08', 347.2),
(80, 79, 15, '2023-12-05', '2023-12-15', 2586.76),
(81, 82, 9, '2023-09-16', '2023-09-17', 140.31),
(82, 43, 46, '2024-07-08', '2024-07-15', 2603.57),
(83, 40, 39, '2024-10-17', '2024-10-22', 264.8),
(84, 94, 16, '2024-09-01', '2024-09-07', 1914.61),
(85, 82, 25, '2024-09-07', '2024-09-11', 536.85),
(86, 77, 11, '2023-07-04', '2023-07-14', 4513.05),
(87, 19, 12, '2023-03-25', '2023-03-30', 2290.41),
(88, 17, 35, '2023-09-28', '2023-10-07', 3553.6),
(89, 62, 15, '2023-02-18', '2023-02-20', 868.08),
(90, 95, 49, '2023-12-24', '2023-12-26', 793.55),
(91, 18, 38, '2023-02-27', '2023-03-04', 1130.9),
(92, 13, 20, '2024-05-15', '2024-05-20', 1896.37),
(93, 78, 12, '2024-05-19', '2024-05-25', 2167.66),
(94, 3, 11, '2024-08-27', '2024-08-31', 651.09),
(95, 51, 21, '2023-06-07', '2023-06-16', 1708.04),
(96, 86, 4, '2024-04-15', '2024-04-25', 3345.67),
(97, 9, 3, '2024-10-16', '2024-10-22', 488.04),
(98, 96, 4, '2023-06-28', '2023-07-04', 671.93),
(99, 62, 18, '2023-04-23', '2023-04-30', 2307.34),
(100, 58, 4, '2024-04-21', '2024-04-26', 866.8),
(101, 48, 22, '2024-02-05', '2024-02-08', 810.96),
(102, 59, 24, '2024-10-25', '2024-11-01', 1853.56),
(103, 45, 29, '2023-04-04', '2023-04-12', 1708.71),
(104, 56, 15, '2023-07-18', '2023-07-24', 2058.38),
(105, 94, 31, '2024-10-21', '2024-10-25', 1950.8),
(106, 71, 31, '2024-10-24', '2024-11-03', 1648.11),
(107, 86, 20, '2023-11-08', '2023-11-10', 623.67),
(108, 86, 3, '2023-12-22', '2023-12-25', 504.14),
(109, 40, 37, '2024-02-04', '2024-02-07', 1149.05),
(110, 58, 33, '2023-08-02', '2023-08-05', 981.33),
(111, 61, 46, '2023-12-25', '2023-12-31', 1102.27),
(112, 76, 11, '2024-06-24', '2024-07-02', 894.06),
(113, 91, 28, '2024-09-07', '2024-09-12', 312.99),
(114, 43, 28, '2024-11-16', '2024-11-25', 2181.6),
(115, 21, 18, '2023-04-05', '2023-04-09', 1081.11),
(116, 44, 22, '2023-05-09', '2023-05-10', 64.18),
(117, 31, 7, '2023-03-30', '2023-03-31', 129.31),
(118, 25, 46, '2023-03-02', '2023-03-04', 931.25),
(119, 76, 24, '2023-04-23', '2023-04-27', 1491.88),
(120, 79, 19, '2023-10-21', '2023-10-26', 527.3),
(121, 88, 35, '2024-11-28', '2024-12-08', 4438.55),
(122, 34, 19, '2024-11-13', '2024-11-17', 1899.12),
(123, 70, 2, '2023-01-14', '2023-01-21', 1305.6),
(124, 26, 44, '2023-10-27', '2023-10-28', 359.9),
(125, 38, 22, '2024-12-30', '2025-01-30', 1765.44),
(126, 94, 4, '2024-04-05', '2024-04-07', 138.99),
(127, 73, 1, '2023-10-07', '2023-10-13', 1008.48),
(128, 66, 43, '2023-11-21', '2023-11-24', 669.25),
(129, 41, 24, '2023-12-14', '2023-12-16', 796.13),
(130, 77, 33, '2024-03-28', '2024-04-03', 2054.85),
(131, 48, 1, '2024-12-08', '2024-12-12', 1378.93),
(132, 82, 13, '2024-01-07', '2024-01-13', 1960.41),
(133, 37, 14, '2024-03-31', '2024-04-06', 1765.75),
(134, 61, 3, '2024-04-17', '2024-04-21', 819.55),
(135, 21, 29, '2023-02-14', '2023-02-21', 663.55),
(136, 93, 33, '2024-07-27', '2024-08-04', 3562.44),
(137, 46, 7, '2024-11-06', '2024-11-14', 3657.24),
(138, 49, 6, '2023-12-18', '2023-12-28', 4228.77),
(139, 86, 39, '2024-08-08', '2024-08-16', 872.85),
(140, 86, 20, '2024-07-01', '2024-07-09', 1554.95),
(141, 55, 39, '2023-07-30', '2023-08-03', 1579.12),
(142, 12, 20, '2024-06-30', '2024-07-09', 4427.47),
(143, 42, 35, '2024-06-23', '2024-06-25', 907.26),
(144, 71, 42, '2024-09-27', '2024-10-06', 2621.83),
(145, 71, 23, '2023-03-03', '2023-03-06', 1160.26),
(146, 6, 9, '2023-09-24', '2023-09-30', 1112.78),
(147, 94, 48, '2024-12-03', '2024-12-13', 1124.25),
(148, 26, 4, '2023-07-25', '2023-08-02', 2436.28),
(149, 26, 23, '2024-07-23', '2024-07-26', 1487.77),
(150, 46, 10, '2023-09-25', '2023-10-03', 3194.0),
(151, 19, 4, '2023-12-14', '2023-12-21', 637.06),
(152, 54, 43, '2024-02-15', '2024-02-16', 361.11),
(153, 26, 46, '2023-10-13', '2023-10-21', 834.54),
(154, 66, 6, '2024-12-15', '2024-12-16', 328.47),
(155, 4, 26, '2024-10-15', '2024-10-25', 3663.55),
(156, 28, 10, '2023-11-17', '2023-11-26', 3246.5),
(157, 87, 48, '2023-05-29', '2023-06-06', 1374.43),
(158, 13, 1, '2023-03-05', '2023-03-10', 853.91),
(159, 22, 11, '2023-02-07', '2023-02-15', 767.04),
(160, 61, 42, '2024-03-15', '2024-03-18', 1342.35),
(161, 40, 49, '2024-11-29', '2024-12-07', 1166.44),
(162, 8, 9, '2024-11-05', '2024-11-15', 2625.37),
(163, 61, 9, '2024-06-30', '2024-07-01', 308.15),
(164, 93, 18, '2023-01-31', '2023-02-09', 1466.56),
(165, 81, 40, '2023-10-02', '2023-10-11', 3958.07),
(166, 84, 28, '2024-03-29', '2024-04-04', 690.15),
(167, 66, 37, '2023-12-17', '2023-12-18', 210.08),
(168, 55, 47, '2024-09-09', '2024-09-16', 2264.73),
(169, 61, 32, '2023-06-13', '2023-06-23', 1080.18),
(170, 8, 35, '2023-09-08', '2023-09-17', 1274.47),
(171, 66, 30, '2023-05-10', '2023-05-19', 3167.77),
(172, 40, 7, '2024-03-15', '2024-03-23', 1051.92),
(173, 9, 39, '2024-12-10', '2024-12-12', 918.31),
(174, 10, 24, '2023-02-22', '2023-03-01', 357.52),
(175, 94, 2, '2023-07-26', '2023-08-01', 2080.31),
(176, 62, 47, '2023-08-28', '2023-09-05', 829.3),
(177, 78, 2, '2024-06-11', '2024-06-21', 1353.8),
(178, 55, 42, '2024-06-20', '2024-06-21', 221.34),
(179, 51, 30, '2024-09-08', '2024-09-17', 2191.51),
(180, 45, 20, '2023-02-02', '2023-02-07', 1460.74),
(181, 62, 32, '2023-01-31', '2023-02-04', 1084.59),
(182, 75, 45, '2024-11-09', '2024-11-15', 2425.78),
(183, 45, 43, '2023-10-23', '2023-10-27', 1158.76),
(184, 82, 42, '2023-06-11', '2023-06-12', 481.02),
(185, 13, 9, '2024-02-28', '2024-03-01', 655.87),
(186, 100, 37, '2023-05-09', '2023-05-16', 2687.67),
(187, 89, 13, '2023-02-19', '2023-02-25', 1941.89),
(188, 50, 26, '2023-08-06', '2023-08-13', 2292.55),
(189, 72, 38, '2023-09-27', '2023-10-05', 527.45),
(190, 72, 24, '2023-11-24', '2023-11-30', 1119.83),
(191, 65, 33, '2023-02-20', '2023-03-01', 1438.96),
(192, 68, 43, '2024-11-13', '2024-11-19', 1836.58),
(193, 60, 27, '2024-09-02', '2024-09-11', 3425.81),
(194, 26, 6, '2023-01-29', '2023-02-01', 939.04),
(195, 92, 7, '2024-10-17', '2024-10-20', 1350.79),
(196, 93, 28, '2023-12-05', '2023-12-12', 668.43),
(197, 27, 12, '2024-08-06', '2024-08-08', 342.27),
(198, 66, 26, '2024-01-04', '2024-01-12', 3800.06),
(199, 45, 45, '2024-11-11', '2024-11-19', 3705.61),
(200, 69, 20, '2024-05-15', '2024-05-21', 2765.17);

INSERT INTO Servicios_Reservas (reserva_id, servicio_id) VALUES
(198, 10),
(199, 9),
(66, 6),
(43, 1),
(141, 9),
(2, 9),
(169, 7),
(193, 5),
(165, 1),
(105, 8),
(195, 4),
(25, 8),
(4, 1),
(55, 9),
(52, 2),
(102, 8),
(82, 7),
(60, 1),
(175, 8),
(106, 9),
(47, 5),
(124, 4),
(166, 1),
(18, 10),
(72, 3),
(2, 4),
(33, 2),
(130, 4),
(17, 9),
(5, 2),
(20, 8),
(98, 3),
(176, 6),
(107, 2),
(166, 10),
(30, 10),
(43, 7),
(2, 7),
(170, 9),
(135, 1),
(149, 6),
(58, 1),
(180, 4),
(88, 3),
(6, 10),
(129, 1),
(163, 2),
(3, 5),
(194, 1),
(73, 9),
(37, 8),
(99, 8),
(24, 7),
(23, 7),
(179, 5),
(132, 6),
(83, 1),
(22, 9),
(109, 4),
(71, 5),
(76, 2),
(60, 3),
(83, 5),
(78, 9),
(90, 9),
(6, 9),
(193, 9),
(84, 7),
(125, 8),
(185, 10),
(70, 3),
(115, 10),
(28, 7),
(12, 8),
(193, 4),
(66, 4),
(14, 8),
(139, 8),
(62, 10),
(11, 3),
(34, 2),
(63, 2),
(169, 8),
(132, 10),
(184, 9),
(3, 1),
(1, 10),
(140, 3),
(116, 3),
(14, 1),
(48, 3),
(24, 6),
(119, 9),
(102, 10),
(129, 6),
(129, 4),
(123, 2),
(196, 7),
(113, 8),
(125, 5),
(43, 10),
(184, 4),
(132, 2),
(83, 10),
(70, 4),
(133, 2),
(156, 3),
(46, 10),
(187, 5),
(121, 5),
(197, 10),
(191, 4),
(176, 10),
(17, 1),
(133, 5),
(131, 2),
(166, 2),
(73, 7),
(44, 8),
(46, 7),
(54, 5),
(61, 3),
(146, 8),
(19, 2),
(58, 2),
(24, 3),
(15, 10),
(88, 6),
(161, 6),
(41, 8),
(167, 6),
(112, 10),
(20, 2),
(74, 3),
(87, 2),
(174, 3),
(134, 6),
(48, 6),
(44, 1),
(101, 1),
(180, 3),
(165, 3),
(160, 8),
(12, 6),
(1, 9),
(26, 6),
(153, 5),
(14, 3),
(113, 10),
(139, 10),
(116, 10),
(41, 5),
(147, 6),
(166, 7),
(88, 7),
(170, 5),
(62, 3),
(75, 8),
(106, 10),
(40, 8),
(196, 6),
(151, 8),
(93, 2),
(91, 2),
(51, 9),
(172, 10),
(147, 10),
(75, 3),
(74, 2),
(165, 10),
(122, 8),
(102, 2),
(95, 4),
(31, 9),
(183, 7),
(85, 9),
(97, 6),
(121, 4),
(115, 7),
(14, 5),
(189, 7),
(200, 3),
(161, 8),
(165, 7),
(48, 2),
(103, 1),
(130, 5),
(166, 9),
(166, 3),
(162, 2),
(182, 8),
(174, 6),
(102, 5),
(126, 7),
(112, 5),
(126, 2),
(100, 4),
(167, 2),
(192, 2),
(95, 8),
(44, 2),
(191, 10),
(101, 8),
(52, 9),
(39, 7),
(158, 7),
(136, 3),
(43, 2),
(120, 6),
(25, 5),
(29, 3),
(81, 7),
(55, 6),
(77, 6),
(141, 10),
(60, 7),
(88, 5),
(149, 3),
(67, 1),
(137, 5),
(29, 8),
(3, 3),
(106, 7),
(72, 5),
(45, 8),
(188, 9),
(20, 4),
(97, 1),
(107, 6),
(149, 2),
(25, 10),
(44, 4),
(31, 7),
(181, 6),
(176, 9),
(46, 9),
(51, 7),
(12, 9),
(50, 8),
(133, 4),
(146, 5),
(19, 3),
(35, 10),
(159, 7),
(24, 4),
(11, 7),
(146, 3),
(187, 2),
(113, 3),
(188, 5),
(163, 6),
(168, 4),
(187, 9),
(30, 6),
(22, 1),
(4, 2),
(186, 10),
(37, 1),
(55, 8),
(73, 4),
(167, 3),
(43, 3),
(4, 9),
(75, 5),
(165, 9),
(149, 4),
(98, 2),
(87, 10),
(10, 1),
(47, 7),
(162, 10),
(28, 6),
(98, 1),
(11, 4),
(114, 1),
(138, 5),
(68, 3),
(130, 3),
(178, 5),
(175, 7),
(81, 4),
(69, 8),
(192, 3),
(79, 7),
(137, 3),
(110, 3),
(66, 3),
(2, 6),
(66, 5),
(65, 6),
(23, 10),
(103, 4),
(166, 5),
(115, 3),
(32, 2),
(198, 9),
(83, 4),
(26, 2),
(53, 2),
(117, 5),
(141, 7),
(152, 9),
(154, 6),
(80, 2),
(7, 8),
(53, 9),
(132, 4),
(48, 4),
(61, 5),
(53, 6),
(26, 5),
(123, 10),
(181, 7),
(56, 1),
(40, 3),
(51, 6),
(12, 1),
(103, 7),
(112, 8),
(183, 4),
(13, 7),
(125, 7),
(156, 1),
(138, 10),
(30, 3),
(46, 6),
(160, 4),
(46, 2),
(114, 3),
(150, 6),
(108, 5),
(194, 10),
(32, 5),
(165, 8),
(162, 1),
(139, 1),
(177, 9),
(103, 6),
(181, 4),
(178, 7),
(73, 2),
(78, 2),
(193, 3),
(113, 6),
(178, 4),
(139, 2),
(184, 5),
(35, 3),
(12, 2),
(184, 7),
(30, 9),
(86, 4),
(98, 4),
(139, 3),
(26, 1),
(153, 4);